Holidays,Date
Holiday,2020-01-01
Holiday,2020-01-02
Holiday,2020-01-03
Holiday,2020-01-04
Holiday,2020-01-05
Holiday,2020-01-06
Holiday,2020-01-07
Holiday,2020-03-08
Holiday,2020-03-09
Holiday,2020-03-10
Holiday,2020-03-11
Holiday,2020-03-12
Holiday,2020-04-06
Holiday,2020-04-07
Holiday,2020-04-08
Holiday,2020-04-09
Holiday,2020-04-10
Holiday,2020-04-13
Holiday,2020-04-30
Holiday,2020-05-01
Holiday,2020-05-21
Holiday,2020-05-22
Holiday,2020-06-10
Holiday,2020-06-11
Holiday,2020-06-12
Holiday,2020-06-13
Holiday,2020-06-14
Holiday,2020-06-15
Holiday,2020-06-16
Holiday,2020-06-17
Holiday,2020-06-18
Holiday,2020-06-19
Holiday,2020-06-20
Holiday,2020-06-21
Holiday,2020-06-22
Holiday,2020-06-23
Holiday,2020-06-24
Holiday,2020-06-25
Holiday,2020-06-26
Holiday,2020-06-27
Holiday,2020-06-28
Holiday,2020-06-29
Holiday,2020-06-30
Holiday,2020-07-01
Holiday,2020-07-02
Holiday,2020-07-03
Holiday,2020-07-04
Holiday,2020-07-05
Holiday,2020-07-06
Holiday,2020-07-07
Holiday,2020-07-08
Holiday,2020-07-09
Holiday,2020-07-10
Holiday,2020-07-11
Holiday,2020-07-12
Holiday,2020-07-13
Holiday,2020-07-14
Holiday,2020-07-15
Holiday,2020-07-16
Holiday,2020-07-17
Holiday,2020-07-18
Holiday,2020-07-19
Holiday,2020-07-20
Holiday,2020-07-21
Holiday,2020-07-22
Holiday,2020-07-23
Holiday,2020-07-24
Holiday,2020-07-25
Holiday,2020-07-26
Holiday,2020-07-27
Holiday,2020-07-28
Holiday,2020-07-29
Holiday,2020-07-30
Holiday,2020-07-31
Holiday,2020-08-01
Holiday,2020-08-02
Holiday,2020-08-03
Holiday,2020-08-04
Holiday,2020-08-05
Holiday,2020-08-06
Holiday,2020-08-07
Holiday,2020-08-08
Holiday,2020-08-09
Holiday,2020-08-10
Holiday,2020-08-11
Holiday,2020-08-12
Holiday,2020-08-13
Holiday,2020-08-14
Holiday,2020-08-15
Holiday,2020-08-16
Holiday,2020-08-17